{
  "Synthetic 64\u00d764": {
    "FMM": {
      "l2_loss": 0.00012998184887692333,
      "sdf_ms": 0.22871732711791992,
      "vf_ms": 1.6771960258483887,
      "total_ms": 1.9059133529663086
    },
    "FNO": {
      "l2_loss": 0.2156067419052124,
      "sdf_ms": 0.23262739181518555,
      "vf_ms": 2.8307175636291504,
      "total_ms": 3.063344955444336
    },
    "DeepONet": {
      "l2_loss": 0.6603634357452393,
      "sdf_ms": 1.045546531677246,
      "vf_ms": 0.5185937881469727,
      "total_ms": 1.5641403198242188
    },
    "VIN": {
      "l2_loss": 0.432199649810791,
      "sdf_ms": 0.22970914840698242,
      "vf_ms": 3.615756034851074,
      "total_ms": 3.8454651832580566
    },
    "DAFNO": {
      "l2_loss": 0.12550838708877562,
      "sdf_ms": 0.23978948593139648,
      "vf_ms": 4.216609001159668,
      "total_ms": 4.4563984870910645
    },
    "PNO": {
      "l2_loss": 0.12501257300376892,
      "sdf_ms": 2.7048301696777344,
      "vf_ms": 4.021449089050293,
      "total_ms": 6.726279258728027
    },
    "PNO+PINN": {
      "l2_loss": 0.12170096158981324,
      "sdf_ms": 1.9033026695251465,
      "vf_ms": 4.0503764152526855,
      "total_ms": 5.953679084777832
    }
  },
  "Synthetic 256\u00d7256": {
    "FMM": {
      "l2_loss": 2.999999694824219,
      "sdf_ms": 9.216768741607666,
      "vf_ms": 70.32541275024414,
      "total_ms": 79.5421814918518
    },
    "FNO": {
      "l2_loss": 0.5501340222358704,
      "sdf_ms": 3.5367465019226074,
      "vf_ms": 1.905655860900879,
      "total_ms": 5.442402362823486
    },
    "DeepONet": {
      "l2_loss": 0.6612554907798767,
      "sdf_ms": 2.671215534210205,
      "vf_ms": 0.4735255241394043,
      "total_ms": 3.1447410583496094
    },
    "VIN": {
      "l2_loss": 0.4762126016616821,
      "sdf_ms": 2.6315832138061523,
      "vf_ms": 3.4447455406188965,
      "total_ms": 6.076328754425049
    },
    "DAFNO": {
      "l2_loss": 0.38395915031433103,
      "sdf_ms": 2.712585926055908,
      "vf_ms": 4.355034828186035,
      "total_ms": 7.067620754241943
    },
    "PNO": {
      "l2_loss": 0.11839203566312789,
      "sdf_ms": 1.873924732208252,
      "vf_ms": 8.248472213745117,
      "total_ms": 10.12239694595337
    },
    "PNO+PINN": {
      "l2_loss": 0.11163656860589981,
      "sdf_ms": 1.8508481979370117,
      "vf_ms": 8.05856466293335,
      "total_ms": 9.909412860870361
    }
  },
  "Synthetic 512\u00d7512": {
    "FMM": {
      "l2_loss": 6.999999799728394,
      "sdf_ms": 36.470017433166504,
      "vf_ms": 82.90178060531616,
      "total_ms": 119.37179803848267
    },
    "FNO": {
      "l2_loss": 0.58964335501194,
      "sdf_ms": 10.995969772338867,
      "vf_ms": 1.9199419021606445,
      "total_ms": 12.915911674499512
    },
    "DeepONet": {
      "l2_loss": 0.6613416981697082,
      "sdf_ms": 11.179280281066895,
      "vf_ms": 0.48595190048217773,
      "total_ms": 11.665232181549072
    },
    "VIN": {
      "l2_loss": 0.4913903474807739,
      "sdf_ms": 11.525380611419678,
      "vf_ms": 9.53298568725586,
      "total_ms": 21.058366298675537
    },
    "DAFNO": {
      "l2_loss": 0.40589584469795226,
      "sdf_ms": 11.049861907958984,
      "vf_ms": 3.4867262840270996,
      "total_ms": 14.536588191986084
    },
    "PNO": {
      "l2_loss": 0.11824112892150879,
      "sdf_ms": 1.9458961486816406,
      "vf_ms": 27.340641021728516,
      "total_ms": 29.286537170410156
    },
    "PNO+PINN": {
      "l2_loss": 0.11159077361226082,
      "sdf_ms": 1.9074511528015137,
      "vf_ms": 27.377126216888428,
      "total_ms": 29.28457736968994
    }
  },
  "Synthetic 1024\u00d71024": {
    "FMM": {
      "l2_loss": 14.999999904632569,
      "sdf_ms": 106.32826328277588,
      "vf_ms": 194.1138243675232,
      "total_ms": 300.4420876502991
    },
    "FNO": {
      "l2_loss": 0.6044489862024784,
      "sdf_ms": 58.81831169128418,
      "vf_ms": 2.442295551300049,
      "total_ms": 61.26060724258423
    },
    "DeepONet": {
      "l2_loss": 0.6613907498121262,
      "sdf_ms": 59.033918380737305,
      "vf_ms": 0.93292236328125,
      "total_ms": 59.966840744018555
    },
    "VIN": {
      "l2_loss": 0.5000125423073769,
      "sdf_ms": 57.473387718200684,
      "vf_ms": 29.496490955352783,
      "total_ms": 86.96987867355347
    },
    "DAFNO": {
      "l2_loss": 0.41272579342126847,
      "sdf_ms": 59.5445990562439,
      "vf_ms": 3.9307832717895512,
      "total_ms": 63.47538232803345
    },
    "PNO": {
      "l2_loss": 0.11846501726657152,
      "sdf_ms": 1.9416213035583496,
      "vf_ms": 143.3706283569336,
      "total_ms": 145.31224966049194
    },
    "PNO+PINN": {
      "l2_loss": 0.11132447745651007,
      "sdf_ms": 1.951761245727539,
      "vf_ms": 143.36435556411743,
      "total_ms": 145.31611680984497
    }
  },
  "City 256\u00d7256": {
    "FMM": {
      "l2_loss": 3.00000483194987,
      "sdf_ms": 11.925227642059326,
      "vf_ms": 72.62403726577759,
      "total_ms": 84.54926490783691
    },
    "FNO": {
      "l2_loss": 0.6047670629289416,
      "sdf_ms": 2.926759719848633,
      "vf_ms": 2.688577175140381,
      "total_ms": 5.615336894989014
    },
    "DeepONet": {
      "l2_loss": 0.6398080348968506,
      "sdf_ms": 3.806185722351074,
      "vf_ms": 0.47065258026123047,
      "total_ms": 4.276838302612305
    },
    "VIN": {
      "l2_loss": 0.46800510353512237,
      "sdf_ms": 2.9198527336120605,
      "vf_ms": 2.841498851776123,
      "total_ms": 5.761351585388184
    },
    "DAFNO": {
      "l2_loss": 0.4247938884629144,
      "sdf_ms": 3.0630040168762207,
      "vf_ms": 3.59694242477417,
      "total_ms": 6.659946441650391
    },
    "PNO": {
      "l2_loss": 0.18282621105511984,
      "sdf_ms": 1.8707728385925293,
      "vf_ms": 8.257803916931152,
      "total_ms": 10.128576755523682
    },
    "PNO+PINN": {
      "l2_loss": 0.16731453471713595,
      "sdf_ms": 2.702176570892334,
      "vf_ms": 7.568073272705078,
      "total_ms": 10.270249843597412
    }
  },
  "City 512\u00d7512": {
    "FMM": {
      "l2_loss": 6.999999046325684,
      "sdf_ms": 41.855528354644775,
      "vf_ms": 84.91509199142456,
      "total_ms": 126.77062034606934
    },
    "FNO": {
      "l2_loss": 0.632686495118671,
      "sdf_ms": 12.443907260894775,
      "vf_ms": 1.9538402557373047,
      "total_ms": 14.39774751663208
    },
    "DeepONet": {
      "l2_loss": 0.626184266143375,
      "sdf_ms": 12.663588523864746,
      "vf_ms": 0.48204898834228516,
      "total_ms": 13.145637512207031
    },
    "VIN": {
      "l2_loss": 0.4852588540977902,
      "sdf_ms": 12.469358444213867,
      "vf_ms": 8.274803161621094,
      "total_ms": 20.74416160583496
    },
    "DAFNO": {
      "l2_loss": 0.4516028112835354,
      "sdf_ms": 11.779239177703857,
      "vf_ms": 4.121840000152588,
      "total_ms": 15.901079177856445
    },
    "PNO": {
      "l2_loss": 0.20783510605494182,
      "sdf_ms": 2.6781702041625977,
      "vf_ms": 26.128594875335693,
      "total_ms": 28.80676507949829
    },
    "PNO+PINN": {
      "l2_loss": 0.18619552966621186,
      "sdf_ms": 1.9060945510864258,
      "vf_ms": 26.996631622314453,
      "total_ms": 28.90272617340088
    }
  },
  "City 1024\u00d71024": {
    "FMM": {
      "l2_loss": 15.00000090069241,
      "sdf_ms": 103.88944149017334,
      "vf_ms": 206.64857625961304,
      "total_ms": 310.5380177497864
    },
    "FNO": {
      "l2_loss": 0.6489004267586602,
      "sdf_ms": 62.71875381469727,
      "vf_ms": 2.4880480766296387,
      "total_ms": 65.2068018913269
    },
    "DeepONet": {
      "l2_loss": 0.6186621559990777,
      "sdf_ms": 61.767141819000244,
      "vf_ms": 0.9112215042114258,
      "total_ms": 62.67836332321167
    },
    "VIN": {
      "l2_loss": 0.4965626617272695,
      "sdf_ms": 62.282044887542725,
      "vf_ms": 24.572010040283203,
      "total_ms": 86.85405492782593
    },
    "DAFNO": {
      "l2_loss": 0.4613288131025102,
      "sdf_ms": 62.83482551574707,
      "vf_ms": 3.9617776870727544,